file_id,directory_label,filename,remote_bytes,local_bytes,md5_expected,md5_actual,verified,method,source_doi,endpoint,local_path
226367,,Demographics.csv,1688,1688,ed91198a19b375d5f9cb0164b164aa06,ed91198a19b375d5f9cb0164b164aa06,True,"github-actions-runner (public CC-BY API, anonymous GET)",doi:10.48804/3XPCAE,https://rdr.kuleuven.be/api/access/datafile/226367,data\raw\kuleuven_lumbar\Demographics.csv
226368,,README.txt,3482,3482,e940f58d92e3cb7722741ca4ace376ab,e940f58d92e3cb7722741ca4ace376ab,True,"github-actions-runner (public CC-BY API, anonymous GET)",doi:10.48804/3XPCAE,https://rdr.kuleuven.be/api/access/datafile/226368,data\raw\kuleuven_lumbar\README.txt
358659,US,US_calibration.zip,15226,15226,a80e0b251d7a6a8c0b1d66cde7a37d1d,a80e0b251d7a6a8c0b1d66cde7a37d1d,True,"github-actions-runner (public CC-BY API, anonymous GET)",doi:10.48804/3XPCAE,https://rdr.kuleuven.be/api/access/datafile/358659,data\raw\kuleuven_lumbar\US\US_calibration.zip
226877,US/US_labels,URS08_H1.zip,50805281,50805281,fdd28717760b2f2662730e69a99d6072,fdd28717760b2f2662730e69a99d6072,True,"github-actions-runner (public CC-BY API, anonymous GET)",doi:10.48804/3XPCAE,https://rdr.kuleuven.be/api/access/datafile/226877,data\raw\kuleuven_lumbar\US\US_labels\URS08_H1.zip
226871,US/US_labels,URS08_R2.zip,46412138,46412138,a3383fe314f3416d707eabba9bef6974,a3383fe314f3416d707eabba9bef6974,True,"github-actions-runner (public CC-BY API, anonymous GET)",doi:10.48804/3XPCAE,https://rdr.kuleuven.be/api/access/datafile/226871,data\raw\kuleuven_lumbar\US\US_labels\URS08_R2.zip
227333,US/US_labels,URS16_H3.zip,65072931,65072931,7b106d7562efe36f72963c9d2713fe59,7b106d7562efe36f72963c9d2713fe59,True,"github-actions-runner (public CC-BY API, anonymous GET)",doi:10.48804/3XPCAE,https://rdr.kuleuven.be/api/access/datafile/227333,data\raw\kuleuven_lumbar\US\US_labels\URS16_H3.zip
227210,US/US_labels,URS16_R1.zip,77961126,77961126,b796083fb50eafd15c059d50708f6414,b796083fb50eafd15c059d50708f6414,True,"github-actions-runner (public CC-BY API, anonymous GET)",doi:10.48804/3XPCAE,https://rdr.kuleuven.be/api/access/datafile/227210,data\raw\kuleuven_lumbar\US\US_labels\URS16_R1.zip
226883,US/US_labels,URS26_H3.zip,69409052,69409052,ab8cdf76ab213d39b8c4ad84b2c2873d,ab8cdf76ab213d39b8c4ad84b2c2873d,True,"github-actions-runner (public CC-BY API, anonymous GET)",doi:10.48804/3XPCAE,https://rdr.kuleuven.be/api/access/datafile/226883,data\raw\kuleuven_lumbar\US\US_labels\URS26_H3.zip
226873,US/US_labels,URS26_R1.zip,82763949,82763949,76716fb9121a807adc356674ee0369c1,76716fb9121a807adc356674ee0369c1,True,"github-actions-runner (public CC-BY API, anonymous GET)",doi:10.48804/3XPCAE,https://rdr.kuleuven.be/api/access/datafile/226873,data\raw\kuleuven_lumbar\US\US_labels\URS26_R1.zip
227069,US/US_labels,URS31_D2.zip,113475216,113475216,a32f22724207d0f40edc12a59d4e8381,a32f22724207d0f40edc12a59d4e8381,True,"github-actions-runner (public CC-BY API, anonymous GET)",doi:10.48804/3XPCAE,https://rdr.kuleuven.be/api/access/datafile/227069,data\raw\kuleuven_lumbar\US\US_labels\URS31_D2.zip
226964,US/US_labels,URS31_R2.zip,113948402,113948402,797c241e3c24831e952dac1d0b15110f,797c241e3c24831e952dac1d0b15110f,True,"github-actions-runner (public CC-BY API, anonymous GET)",doi:10.48804/3XPCAE,https://rdr.kuleuven.be/api/access/datafile/226964,data\raw\kuleuven_lumbar\US\US_labels\URS31_R2.zip
226975,US/US_labels,URS36_D2.zip,108964439,108964439,636fdbc5e306d0fd8fcc775918ec2c07,636fdbc5e306d0fd8fcc775918ec2c07,True,"github-actions-runner (public CC-BY API, anonymous GET)",doi:10.48804/3XPCAE,https://rdr.kuleuven.be/api/access/datafile/226975,data\raw\kuleuven_lumbar\US\US_labels\URS36_D2.zip
227136,US/US_labels,URS36_H2.zip,116333161,116333161,5549a03c540f604c8e40154658c12a15,5549a03c540f604c8e40154658c12a15,True,"github-actions-runner (public CC-BY API, anonymous GET)",doi:10.48804/3XPCAE,https://rdr.kuleuven.be/api/access/datafile/227136,data\raw\kuleuven_lumbar\US\US_labels\URS36_H2.zip
227343,US/US_labels,URS40_H4.zip,107723067,107723067,f9c6b79ed6296afdd1eef6856d827193,f9c6b79ed6296afdd1eef6856d827193,True,"github-actions-runner (public CC-BY API, anonymous GET)",doi:10.48804/3XPCAE,https://rdr.kuleuven.be/api/access/datafile/227343,data\raw\kuleuven_lumbar\US\US_labels\URS40_H4.zip
227007,US/US_labels,URS40_R1.zip,89625988,89625988,97f1528d9d9340f8a504b2177a29f1f1,97f1528d9d9340f8a504b2177a29f1f1,True,"github-actions-runner (public CC-BY API, anonymous GET)",doi:10.48804/3XPCAE,https://rdr.kuleuven.be/api/access/datafile/227007,data\raw\kuleuven_lumbar\US\US_labels\URS40_R1.zip
227396,US/US_labels,URS45_H2.zip,119393727,119393727,68dd8339822a7a50a1b526ff166df26c,68dd8339822a7a50a1b526ff166df26c,True,"github-actions-runner (public CC-BY API, anonymous GET)",doi:10.48804/3XPCAE,https://rdr.kuleuven.be/api/access/datafile/227396,data\raw\kuleuven_lumbar\US\US_labels\URS45_H2.zip
227066,US/US_labels,URS45_R2.zip,135247178,135247178,a0f7982bdb03a1035734e7bc36ca9bbe,a0f7982bdb03a1035734e7bc36ca9bbe,True,"github-actions-runner (public CC-BY API, anonymous GET)",doi:10.48804/3XPCAE,https://rdr.kuleuven.be/api/access/datafile/227066,data\raw\kuleuven_lumbar\US\US_labels\URS45_R2.zip
226893,US/US_labels,URS51_D2.zip,119884742,119884742,690433043496ef5d401ed73f1a993781,690433043496ef5d401ed73f1a993781,True,"github-actions-runner (public CC-BY API, anonymous GET)",doi:10.48804/3XPCAE,https://rdr.kuleuven.be/api/access/datafile/226893,data\raw\kuleuven_lumbar\US\US_labels\URS51_D2.zip
226825,US/US_labels,URS51_R2.zip,115218655,115218655,eefdbe45fa7bf56941f3a4dea29f83c9,eefdbe45fa7bf56941f3a4dea29f83c9,True,"github-actions-runner (public CC-BY API, anonymous GET)",doi:10.48804/3XPCAE,https://rdr.kuleuven.be/api/access/datafile/226825,data\raw\kuleuven_lumbar\US\US_labels\URS51_R2.zip
226951,US/US_labels,URS54_D1.zip,92069842,92069842,42ff921ba9060deb96eb7fa16b39b3c1,42ff921ba9060deb96eb7fa16b39b3c1,True,"github-actions-runner (public CC-BY API, anonymous GET)",doi:10.48804/3XPCAE,https://rdr.kuleuven.be/api/access/datafile/226951,data\raw\kuleuven_lumbar\US\US_labels\URS54_D1.zip
226958,US/US_labels,URS54_H3.zip,80330499,80330499,51a6894b8f0564658f9c2e9ef92bcb24,51a6894b8f0564658f9c2e9ef92bcb24,True,"github-actions-runner (public CC-BY API, anonymous GET)",doi:10.48804/3XPCAE,https://rdr.kuleuven.be/api/access/datafile/226958,data\raw\kuleuven_lumbar\US\US_labels\URS54_H3.zip
228068,US/US_recon,URS08_H1.zip,2495954,2495954,95e32f562546967fae205a6d06a4b00b,95e32f562546967fae205a6d06a4b00b,True,"github-actions-runner (public CC-BY API, anonymous GET)",doi:10.48804/3XPCAE,https://rdr.kuleuven.be/api/access/datafile/228068,data\raw\kuleuven_lumbar\US\US_recon\URS08_H1.zip
228083,US/US_recon,URS08_R2.zip,2913795,2913795,17a7ac6a33ed190755594d1e76ba0612,17a7ac6a33ed190755594d1e76ba0612,True,"github-actions-runner (public CC-BY API, anonymous GET)",doi:10.48804/3XPCAE,https://rdr.kuleuven.be/api/access/datafile/228083,data\raw\kuleuven_lumbar\US\US_recon\URS08_R2.zip
228074,US/US_recon,URS16_H3.zip,1675190,1675190,b2b06d686ac796c7831c2dae208762cf,b2b06d686ac796c7831c2dae208762cf,True,"github-actions-runner (public CC-BY API, anonymous GET)",doi:10.48804/3XPCAE,https://rdr.kuleuven.be/api/access/datafile/228074,data\raw\kuleuven_lumbar\US\US_recon\URS16_H3.zip
228070,US/US_recon,URS16_R1.zip,2520237,2520237,de29995259b4bfe3e7a47e94497c98df,de29995259b4bfe3e7a47e94497c98df,True,"github-actions-runner (public CC-BY API, anonymous GET)",doi:10.48804/3XPCAE,https://rdr.kuleuven.be/api/access/datafile/228070,data\raw\kuleuven_lumbar\US\US_recon\URS16_R1.zip
228080,US/US_recon,URS26_H3.zip,2911568,2911568,b33500892d2d6db471be00cd90166608,b33500892d2d6db471be00cd90166608,True,"github-actions-runner (public CC-BY API, anonymous GET)",doi:10.48804/3XPCAE,https://rdr.kuleuven.be/api/access/datafile/228080,data\raw\kuleuven_lumbar\US\US_recon\URS26_H3.zip
228076,US/US_recon,URS26_R1.zip,3441491,3441491,8f1d527bcdb1f7e0694fcff42c5de7a2,8f1d527bcdb1f7e0694fcff42c5de7a2,True,"github-actions-runner (public CC-BY API, anonymous GET)",doi:10.48804/3XPCAE,https://rdr.kuleuven.be/api/access/datafile/228076,data\raw\kuleuven_lumbar\US\US_recon\URS26_R1.zip
228072,US/US_recon,URS31_D2.zip,4005138,4005138,7af3dec8dbbbde61bd34fcaa3a2f48f0,7af3dec8dbbbde61bd34fcaa3a2f48f0,True,"github-actions-runner (public CC-BY API, anonymous GET)",doi:10.48804/3XPCAE,https://rdr.kuleuven.be/api/access/datafile/228072,data\raw\kuleuven_lumbar\US\US_recon\URS31_D2.zip
228171,US/US_recon,URS31_R2.zip,1832412,1832412,3110572af8aa80318f14a20cd7765013,3110572af8aa80318f14a20cd7765013,True,"github-actions-runner (public CC-BY API, anonymous GET)",doi:10.48804/3XPCAE,https://rdr.kuleuven.be/api/access/datafile/228171,data\raw\kuleuven_lumbar\US\US_recon\URS31_R2.zip
228081,US/US_recon,URS36_D2.zip,2187384,2187384,fc344bdcf699c5e510bc39fb70220f24,fc344bdcf699c5e510bc39fb70220f24,True,"github-actions-runner (public CC-BY API, anonymous GET)",doi:10.48804/3XPCAE,https://rdr.kuleuven.be/api/access/datafile/228081,data\raw\kuleuven_lumbar\US\US_recon\URS36_D2.zip
228082,US/US_recon,URS36_H2.zip,1577127,1577127,0dfa22febd4591dc51e3b6f8fb9e44b5,0dfa22febd4591dc51e3b6f8fb9e44b5,True,"github-actions-runner (public CC-BY API, anonymous GET)",doi:10.48804/3XPCAE,https://rdr.kuleuven.be/api/access/datafile/228082,data\raw\kuleuven_lumbar\US\US_recon\URS36_H2.zip
228075,US/US_recon,URS40_H4.zip,786518,786518,3e3f054fb352a3cc9a30dd6e866cbb27,3e3f054fb352a3cc9a30dd6e866cbb27,True,"github-actions-runner (public CC-BY API, anonymous GET)",doi:10.48804/3XPCAE,https://rdr.kuleuven.be/api/access/datafile/228075,data\raw\kuleuven_lumbar\US\US_recon\URS40_H4.zip
228077,US/US_recon,URS40_R1.zip,2028227,2028227,a1b18f1fa5749935169cad908fe49dea,a1b18f1fa5749935169cad908fe49dea,True,"github-actions-runner (public CC-BY API, anonymous GET)",doi:10.48804/3XPCAE,https://rdr.kuleuven.be/api/access/datafile/228077,data\raw\kuleuven_lumbar\US\US_recon\URS40_R1.zip
228078,US/US_recon,URS45_H2.zip,2420255,2420255,13b39105857e79635e467a8d165e0f35,13b39105857e79635e467a8d165e0f35,True,"github-actions-runner (public CC-BY API, anonymous GET)",doi:10.48804/3XPCAE,https://rdr.kuleuven.be/api/access/datafile/228078,data\raw\kuleuven_lumbar\US\US_recon\URS45_H2.zip
228085,US/US_recon,URS45_R2.zip,1505773,1505773,38c150cba8c38ec52eca8ea1b5e0578e,38c150cba8c38ec52eca8ea1b5e0578e,True,"github-actions-runner (public CC-BY API, anonymous GET)",doi:10.48804/3XPCAE,https://rdr.kuleuven.be/api/access/datafile/228085,data\raw\kuleuven_lumbar\US\US_recon\URS45_R2.zip
228084,US/US_recon,URS51_D2.zip,3004398,3004398,80271aba62bf5a74b424073340a94b7a,80271aba62bf5a74b424073340a94b7a,True,"github-actions-runner (public CC-BY API, anonymous GET)",doi:10.48804/3XPCAE,https://rdr.kuleuven.be/api/access/datafile/228084,data\raw\kuleuven_lumbar\US\US_recon\URS51_D2.zip
228069,US/US_recon,URS51_R2.zip,1654550,1654550,40dc3848df1a1c9fa644c89a0f723d0f,40dc3848df1a1c9fa644c89a0f723d0f,True,"github-actions-runner (public CC-BY API, anonymous GET)",doi:10.48804/3XPCAE,https://rdr.kuleuven.be/api/access/datafile/228069,data\raw\kuleuven_lumbar\US\US_recon\URS51_R2.zip
228073,US/US_recon,URS54_D1.zip,1167323,1167323,77ddf94554bbdecf4963a32f0a287131,77ddf94554bbdecf4963a32f0a287131,True,"github-actions-runner (public CC-BY API, anonymous GET)",doi:10.48804/3XPCAE,https://rdr.kuleuven.be/api/access/datafile/228073,data\raw\kuleuven_lumbar\US\US_recon\URS54_D1.zip
228071,US/US_recon,URS54_H3.zip,984199,984199,4775e259a8216319fa269a368b52ad9d,4775e259a8216319fa269a368b52ad9d,True,"github-actions-runner (public CC-BY API, anonymous GET)",doi:10.48804/3XPCAE,https://rdr.kuleuven.be/api/access/datafile/228071,data\raw\kuleuven_lumbar\US\US_recon\URS54_H3.zip
271414,US,US_scantype_availability.csv,48655,48655,598a68c44db7d5aaa97d8f8017b8942a,598a68c44db7d5aaa97d8f8017b8942a,True,"github-actions-runner (public CC-BY API, anonymous GET)",doi:10.48804/3XPCAE,https://rdr.kuleuven.be/api/access/datafile/271414,data\raw\kuleuven_lumbar\US\US_scantype_availability.csv
271417,US,US_spatialtrackingvalidation.zip,20835130,20835130,6a418517aca04c91518ee4a54c8b5de8,6a418517aca04c91518ee4a54c8b5de8,True,"github-actions-runner (public CC-BY API, anonymous GET)",doi:10.48804/3XPCAE,https://rdr.kuleuven.be/api/access/datafile/271417,data\raw\kuleuven_lumbar\US\US_spatialtrackingvalidation.zip
